user_id,password
1,abc123
2,abc123
3,abc123
4,abc123
5,abc123
6,abc123
7,abc123
8,abc123
9,abc123
10,abc123
11,abc123
12,abc123
13,abc123
14,abc123
15,abc123
16,abc123
17,abc123
18,abc123
19,abc123
20,abc123
21,abc123
22,abc123
23,abc123
24,abc123
25,abc123
26,abc123
27,abc123
28,abc123
29,abc123
30,abc123
31,abc123
32,abc123
33,abc123
34,abc123
35,abc123
36,abc123
37,abc123
38,abc123
39,abc123
40,abc123
41,abc123
42,abc123
43,abc123
44,abc123
45,abc123
46,abc123
47,abc123
48,abc123
49,abc123
50,abc123
51,abc123
52,abc123
53,abc123
54,abc123
55,abc123
56,abc123
57,abc123
58,abc123
59,abc123
60,abc123
61,abc123
62,abc123
63,abc123
64,abc123
65,abc123
66,abc123
67,abc123
68,abc123
69,abc123
70,abc123
71,abc123
72,abc123
73,abc123
74,abc123
75,abc123
76,abc123
77,abc123
78,abc123
79,abc123
80,abc123
81,abc123
82,abc123
83,abc123
84,abc123
85,abc123
86,abc123
87,abc123
88,abc123
89,abc123
90,abc123
91,abc123
92,abc123
93,abc123
94,abc123
95,abc123
96,abc123
97,abc123
98,abc123
99,abc123
100,abc123
101,abc123
102,abc123
103,abc123
104,abc123
105,abc123
106,abc123
107,abc123
108,abc123
109,abc123
110,abc123
111,abc123
112,abc123
113,abc123
114,abc123
115,abc123
116,abc123
117,abc123
118,abc123
119,abc123
120,abc123
121,abc123
122,abc123
123,abc123
124,abc123
125,abc123
126,abc123
127,abc123
128,abc123
129,abc123
130,abc123
131,abc123
132,abc123
133,abc123
134,abc123
135,abc123
136,abc123
137,abc123
138,abc123
139,abc123
140,abc123
141,abc123
142,abc123
143,abc123
144,abc123
145,abc123
146,abc123
147,abc123
148,abc123
149,abc123
150,abc123
151,abc123
152,abc123
153,abc123
154,abc123
155,abc123
156,abc123
157,abc123
158,abc123
159,abc123
160,abc123
161,abc123
162,abc123
163,abc123
164,abc123
165,abc123
166,abc123
167,abc123
168,abc123
169,abc123
170,abc123
171,abc123
172,abc123
173,abc123
174,abc123
175,abc123
176,abc123
177,abc123
178,abc123
179,abc123
180,abc123
181,abc123
182,abc123
183,abc123
184,abc123
185,abc123
186,abc123
187,abc123
188,abc123
189,abc123
190,abc123
191,abc123
192,abc123
193,abc123
194,abc123
195,abc123
196,abc123
197,abc123
198,abc123
199,abc123
200,abc123
201,abc123
202,abc123
203,abc123
204,abc123
205,abc123
206,abc123
207,abc123
208,abc123
209,abc123
210,abc123
211,abc123
212,abc123
213,abc123
214,abc123
215,abc123
216,abc123
217,abc123
218,abc123
219,abc123
220,abc123
221,abc123
222,abc123
223,abc123
224,abc123
225,abc123
226,abc123
227,abc123
228,abc123
229,abc123
230,abc123
231,abc123
232,abc123
233,abc123
234,abc123
235,abc123
236,abc123
237,abc123
238,abc123
239,abc123
240,abc123
241,abc123
242,abc123
243,abc123
244,abc123
245,abc123
246,abc123
247,abc123
248,abc123
249,abc123
250,abc123
251,abc123
252,abc123
253,abc123
254,abc123
255,abc123
256,abc123
257,abc123
258,abc123
259,abc123
260,abc123
261,abc123
262,abc123
263,abc123
264,abc123
265,abc123
266,abc123
267,abc123
268,abc123
269,abc123
270,abc123
271,abc123
272,abc123
273,abc123
274,abc123
275,abc123
276,abc123
277,abc123
278,abc123
279,abc123
280,abc123
281,abc123
282,abc123
283,abc123
284,abc123
285,abc123
286,abc123
287,abc123
288,abc123
289,abc123
290,abc123
291,abc123
292,abc123
293,abc123
294,abc123
295,abc123
296,abc123
297,abc123
298,abc123
299,abc123
300,abc123
301,abc123
302,abc123
303,abc123
304,abc123
305,abc123
306,abc123
307,abc123
308,abc123
309,abc123
310,abc123
311,abc123
312,abc123
313,abc123
314,abc123
315,abc123
316,abc123
317,abc123
318,abc123
319,abc123
320,abc123
321,abc123
322,abc123
323,abc123
324,abc123
325,abc123
326,abc123
327,abc123
328,abc123
329,abc123
330,abc123
331,abc123
332,abc123
333,abc123
334,abc123
335,abc123
336,abc123
337,abc123
338,abc123
339,abc123
340,abc123
341,abc123
342,abc123
343,abc123
344,abc123
345,abc123
346,abc123
347,abc123
348,abc123
349,abc123
350,abc123
351,abc123
352,abc123
353,abc123
354,abc123
355,abc123
356,abc123
357,abc123
358,abc123
359,abc123
360,abc123
361,abc123
362,abc123
363,abc123
364,abc123
365,abc123
366,abc123
367,abc123
368,abc123
369,abc123
370,abc123
371,abc123
372,abc123
373,abc123
374,abc123
375,abc123
376,abc123
377,abc123
378,abc123
379,abc123
380,abc123
381,abc123
382,abc123
383,abc123
384,abc123
385,abc123
386,abc123
387,abc123
388,abc123
389,abc123
390,abc123
391,abc123
392,abc123
393,abc123
394,abc123
395,abc123
396,abc123
397,abc123
398,abc123
399,abc123
400,abc123
401,abc123
402,abc123
403,abc123
404,abc123
405,abc123
406,abc123
407,abc123
408,abc123
409,abc123
410,abc123
411,abc123
412,abc123
413,abc123
414,abc123
415,abc123
416,abc123
417,abc123
418,abc123
419,abc123
420,abc123
421,abc123
422,abc123
423,abc123
424,abc123
425,abc123
426,abc123
427,abc123
428,abc123
429,abc123
430,abc123
431,abc123
432,abc123
433,abc123
434,abc123
435,abc123
436,abc123
437,abc123
438,abc123
439,abc123
440,abc123
441,abc123
442,abc123
443,abc123
444,abc123
445,abc123
446,abc123
447,abc123
448,abc123
449,abc123
450,abc123
451,abc123
452,abc123
453,abc123
454,abc123
455,abc123
456,abc123
457,abc123
458,abc123
459,abc123
460,abc123
461,abc123
462,abc123
463,abc123
464,abc123
465,abc123
466,abc123
467,abc123
468,abc123
469,abc123
470,abc123
471,abc123
472,abc123
473,abc123
474,abc123
475,abc123
476,abc123
477,abc123
478,abc123
479,abc123
480,abc123
481,abc123
482,abc123
483,abc123
484,abc123
485,abc123
486,abc123
487,abc123
488,abc123
489,abc123
490,abc123
491,abc123
492,abc123
493,abc123
494,abc123
495,abc123
496,abc123
497,abc123
498,abc123
499,abc123
500,abc123
501,abc123
502,abc123
503,abc123
504,abc123
505,abc123
506,abc123
507,abc123
508,abc123
509,abc123
510,abc123
511,abc123
512,abc123
513,abc123
514,abc123
515,abc123
516,abc123
517,abc123
518,abc123
519,abc123
520,abc123
521,abc123
522,abc123
523,abc123
524,abc123
525,abc123
526,abc123
527,abc123
528,abc123
529,abc123
530,abc123
531,abc123
532,abc123
533,abc123
534,abc123
535,abc123
536,abc123
537,abc123
538,abc123
539,abc123
540,abc123
541,abc123
542,abc123
543,abc123
544,abc123
545,abc123
546,abc123
547,abc123
548,abc123
549,abc123
550,abc123
551,abc123
552,abc123
553,abc123
554,abc123
555,abc123
556,abc123
557,abc123
558,abc123
559,abc123
560,abc123
561,abc123
562,abc123
563,abc123
564,abc123
565,abc123
566,abc123
567,abc123
568,abc123
569,abc123
570,abc123
571,abc123
572,abc123
573,abc123
574,abc123
575,abc123
576,abc123
577,abc123
578,abc123
579,abc123
580,abc123
581,abc123
582,abc123
583,abc123
584,abc123
585,abc123
586,abc123
587,abc123
588,abc123
589,abc123
590,abc123
591,abc123
592,abc123
593,abc123
594,abc123
595,abc123
596,abc123
597,abc123
598,abc123
599,abc123
600,abc123
601,abc123
602,abc123
603,abc123
604,abc123
605,abc123
606,abc123
607,abc123
608,abc123
609,abc123
610,abc123
611,abc123
612,abc123
613,abc123
614,abc123
615,abc123
616,abc123
617,abc123
618,abc123
619,abc123
620,abc123
621,abc123
622,abc123
623,abc123
624,abc123
625,abc123
626,abc123
627,abc123
628,abc123
629,abc123
630,abc123
631,abc123
632,abc123
633,abc123
634,abc123
635,abc123
636,abc123
637,abc123
638,abc123
639,abc123
640,abc123
641,abc123
642,abc123
643,abc123
644,abc123
645,abc123
646,abc123
647,abc123
648,abc123
649,abc123
650,abc123
651,abc123
652,abc123
653,abc123
654,abc123
655,abc123
656,abc123
657,abc123
658,abc123
659,abc123
660,abc123
661,abc123
662,abc123
663,abc123
664,abc123
665,abc123
666,abc123
667,abc123
668,abc123
669,abc123
670,abc123
671,abc123
672,abc123
673,abc123
674,abc123
675,abc123
676,abc123
677,abc123
678,abc123
679,abc123
680,abc123
681,abc123
682,abc123
683,abc123
684,abc123
685,abc123
686,abc123
687,abc123
688,abc123
689,abc123
690,abc123
691,abc123
692,abc123
693,abc123
694,abc123
695,abc123
696,abc123
697,abc123
698,abc123
699,abc123
700,abc123
701,abc123
702,abc123
703,abc123
704,abc123
705,abc123
706,abc123
707,abc123
708,abc123
709,abc123
710,abc123
711,abc123
712,abc123
713,abc123
714,abc123
715,abc123
716,abc123
717,abc123
718,abc123
719,abc123
720,abc123
721,abc123
722,abc123
723,abc123
724,abc123
725,abc123
726,abc123
727,abc123
728,abc123
729,abc123
730,abc123
731,abc123
732,abc123
733,abc123
734,abc123
735,abc123
736,abc123
737,abc123
738,abc123
739,abc123
740,abc123
741,abc123
742,abc123
743,abc123
744,abc123
745,abc123
746,abc123
747,abc123
748,abc123
749,abc123
750,abc123
751,abc123
752,abc123
753,abc123
754,abc123
755,abc123
756,abc123
757,abc123
758,abc123
759,abc123
760,abc123
761,abc123
762,abc123
763,abc123
764,abc123
765,abc123
766,abc123
767,abc123
768,abc123
769,abc123
770,abc123
771,abc123
772,abc123
773,abc123
774,abc123
775,abc123
776,abc123
777,abc123
778,abc123
779,abc123
780,abc123
781,abc123
782,abc123
783,abc123
784,abc123
785,abc123
786,abc123
787,abc123
788,abc123
789,abc123
790,abc123
791,abc123
792,abc123
793,abc123
794,abc123
795,abc123
796,abc123
797,abc123
798,abc123
799,abc123
800,abc123
801,abc123
802,abc123
803,abc123
804,abc123
805,abc123
806,abc123
807,abc123
808,abc123
809,abc123
810,abc123
811,abc123
812,abc123
813,abc123
814,abc123
815,abc123
816,abc123
817,abc123
818,abc123
819,abc123
820,abc123
821,abc123
822,abc123
823,abc123
824,abc123
825,abc123
826,abc123
827,abc123
828,abc123
829,abc123
830,abc123
831,abc123
832,abc123
833,abc123
834,abc123
835,abc123
836,abc123
837,abc123
838,abc123
839,abc123
840,abc123
841,abc123
842,abc123
843,abc123
844,abc123
845,abc123
846,abc123
847,abc123
848,abc123
849,abc123
850,abc123
851,abc123
852,abc123
853,abc123
854,abc123
855,abc123
856,abc123
857,abc123
858,abc123
859,abc123
860,abc123
861,abc123
862,abc123
863,abc123
864,abc123
865,abc123
866,abc123
867,abc123
868,abc123
869,abc123
870,abc123
871,abc123
872,abc123
873,abc123
874,abc123
875,abc123
876,abc123
877,abc123
878,abc123
879,abc123
880,abc123
881,abc123
882,abc123
883,abc123
884,abc123
885,abc123
886,abc123
887,abc123
888,abc123
889,abc123
890,abc123
891,abc123
892,abc123
893,abc123
894,abc123
895,abc123
896,abc123
897,abc123
898,abc123
899,abc123
900,abc123
901,abc123
902,abc123
903,abc123
904,abc123
905,abc123
906,abc123
907,abc123
908,abc123
909,abc123
910,abc123
911,abc123
912,abc123
913,abc123
914,abc123
915,abc123
916,abc123
917,abc123
918,abc123
919,abc123
920,abc123
921,abc123
922,abc123
923,abc123
924,abc123
925,abc123
926,abc123
927,abc123
928,abc123
929,abc123
930,abc123
931,abc123
932,abc123
933,abc123
934,abc123
935,abc123
936,abc123
937,abc123
938,abc123
939,abc123
940,abc123
941,abc123
942,abc123
943,abc123
944,abc123
945,abc123
946,abc123
947,abc123
948,abc123
949,abc123
950,abc123
951,abc123
952,abc123
953,abc123
954,abc123
955,abc123
956,abc123
957,abc123
958,abc123
959,abc123
960,abc123
961,abc123
962,abc123
963,abc123
964,abc123
965,abc123
966,abc123
967,abc123
968,abc123
969,abc123
970,abc123
971,abc123
972,abc123
973,abc123
974,abc123
975,abc123
976,abc123
977,abc123
978,abc123
979,abc123
980,abc123
981,abc123
982,abc123
983,abc123
984,abc123
985,abc123
986,abc123
987,abc123
988,abc123
989,abc123
990,abc123
991,abc123
992,abc123
993,abc123
994,abc123
995,abc123
996,abc123
997,abc123
998,abc123
999,abc123
1000,abc123
1001,abc123
1002,abc123
1003,abc123
1004,abc123
1005,abc123
1006,abc123
1007,abc123
1008,abc123
1009,abc123
1010,abc123
1011,abc123
1012,abc123
1013,abc123
1014,abc123
1015,abc123
1016,abc123
1017,abc123
1018,abc123
1019,abc123
1020,abc123
1021,abc123
1022,abc123
1023,abc123
1024,abc123
1025,abc123
1026,abc123
1027,abc123
1028,abc123
1029,abc123
1030,abc123
1031,abc123
1032,abc123
1033,abc123
1034,abc123
1035,abc123
1036,abc123
1037,abc123
1038,abc123
1039,abc123
1040,abc123
1041,abc123
1042,abc123
1043,abc123
1044,abc123
1045,abc123
1046,abc123
1047,abc123
1048,abc123
1049,abc123
1050,abc123
1051,abc123
1052,abc123
1053,abc123
1054,abc123
1055,abc123
1056,abc123
1057,abc123
1058,abc123
1059,abc123
1060,abc123
1061,abc123
1062,abc123
1063,abc123
1064,abc123
1065,abc123
1066,abc123
1067,abc123
1068,abc123
1069,abc123
1070,abc123
1071,abc123
1072,abc123
1073,abc123
1074,abc123
1075,abc123
1076,abc123
1077,abc123
1078,abc123
1079,abc123
1080,abc123
1081,abc123
1082,abc123
1083,abc123
1084,abc123
1085,abc123
1086,abc123
1087,abc123
1088,abc123
1089,abc123
1090,abc123
1091,abc123
1092,abc123
1093,abc123
1094,abc123
1095,abc123
1096,abc123
1097,abc123
1098,abc123
1099,abc123
1100,abc123
1101,abc123
1102,abc123
1103,abc123
1104,abc123
1105,abc123
1106,abc123
1107,abc123
1108,abc123
1109,abc123
1110,abc123
1111,abc123
1112,abc123
1113,abc123
1114,abc123
1115,abc123
1116,abc123
1117,abc123
1118,abc123
1119,abc123
1120,abc123
1121,abc123
1122,abc123
1123,abc123
1124,abc123
1125,abc123
1126,abc123
1127,abc123
1128,abc123
1129,abc123
1130,abc123
1131,abc123
1132,abc123
1133,abc123
1134,abc123
1135,abc123
1136,abc123
1137,abc123
1138,abc123
1139,abc123
1140,abc123
1141,abc123
1142,abc123
1143,abc123
1144,abc123
1145,abc123
1146,abc123
1147,abc123
1148,abc123
1149,abc123
1150,abc123
1151,abc123
1152,abc123
1153,abc123
1154,abc123
1155,abc123
1156,abc123
1157,abc123
1158,abc123
1159,abc123
1160,abc123
1161,abc123
1162,abc123
1163,abc123
1164,abc123
1165,abc123
1166,abc123
1167,abc123
1168,abc123
1169,abc123
1170,abc123
1171,abc123
1172,abc123
1173,abc123
1174,abc123
1175,abc123
1176,abc123
1177,abc123
1178,abc123
1179,abc123
1180,abc123
1181,abc123
1182,abc123
1183,abc123
1184,abc123
1185,abc123
1186,abc123
1187,abc123
1188,abc123
1189,abc123
1190,abc123
1191,abc123
1192,abc123
1193,abc123
1194,abc123
1195,abc123
1196,abc123
1197,abc123
1198,abc123
1199,abc123
1200,abc123
1201,abc123
1202,abc123
1203,abc123
1204,abc123
1205,abc123
1206,abc123
1207,abc123
1208,abc123
1209,abc123
1210,abc123
1211,abc123
1212,abc123
1213,abc123
1214,abc123
1215,abc123
1216,abc123
1217,abc123
1218,abc123
1219,abc123
1220,abc123
1221,abc123
1222,abc123
1223,abc123
1224,abc123
1225,abc123
1226,abc123
1227,abc123
1228,abc123
1229,abc123
1230,abc123
1231,abc123
1232,abc123
1233,abc123
1234,abc123
1235,abc123
1236,abc123
1237,abc123
1238,abc123
1239,abc123
1240,abc123
1241,abc123
1242,abc123
1243,abc123
1244,abc123
1245,abc123
1246,abc123
1247,abc123
1248,abc123
1249,abc123
1250,abc123
1251,abc123
1252,abc123
1253,abc123
1254,abc123
1255,abc123
1256,abc123
1257,abc123
1258,abc123
1259,abc123
1260,abc123
1261,abc123
1262,abc123
1263,abc123
1264,abc123
1265,abc123
1266,abc123
1267,abc123
1268,abc123
1269,abc123
1270,abc123
1271,abc123
1272,abc123
1273,abc123
1274,abc123
1275,abc123
1276,abc123
1277,abc123
1278,abc123
1279,abc123
1280,abc123
1281,abc123
1282,abc123
1283,abc123
1284,abc123
1285,abc123
1286,abc123
1287,abc123
1288,abc123
1289,abc123
1290,abc123
1291,abc123
1292,abc123
1293,abc123
1294,abc123
1295,abc123
1296,abc123
1297,abc123
1298,abc123
1299,abc123
1300,abc123
1301,abc123
1302,abc123
1303,abc123
1304,abc123
1305,abc123
1306,abc123
1307,abc123
1308,abc123
1309,abc123
1310,abc123
1311,abc123
1312,abc123
1313,abc123
1314,abc123
1315,abc123
1316,abc123
1317,abc123
1318,abc123
1319,abc123
1320,abc123
1321,abc123
1322,abc123
1323,abc123
1324,abc123
1325,abc123
1326,abc123
1327,abc123
1328,abc123
1329,abc123
1330,abc123
1331,abc123
1332,abc123
1333,abc123
1334,abc123
1335,abc123
1336,abc123
1337,abc123
1338,abc123
1339,abc123
1340,abc123
1341,abc123
1342,abc123
1343,abc123
1344,abc123
1345,abc123
1346,abc123
1347,abc123
1348,abc123
1349,abc123
1350,abc123
1351,abc123
1352,abc123
1353,abc123
1354,abc123
1355,abc123
1356,abc123
1357,abc123
1358,abc123
1359,abc123
1360,abc123
1361,abc123
1362,abc123
1363,abc123
1364,abc123
1365,abc123
1366,abc123
1367,abc123
1368,abc123
1369,abc123
1370,abc123
1371,abc123
1372,abc123
1373,abc123
1374,abc123
1375,abc123
1376,abc123
1377,abc123
1378,abc123
1379,abc123
1380,abc123
1381,abc123
1382,abc123
1383,abc123
1384,abc123
1385,abc123
1386,abc123
1387,abc123
1388,abc123
1389,abc123
1390,abc123
1391,abc123
1392,abc123
1393,abc123
1394,abc123
1395,abc123
1396,abc123
1397,abc123
1398,abc123
1399,abc123
1400,abc123
1401,abc123
1402,abc123
1403,abc123
1404,abc123
1405,abc123
1406,abc123
1407,abc123
1408,abc123
1409,abc123
1410,abc123
1411,abc123
1412,abc123
1413,abc123
1414,abc123
1415,abc123
1416,abc123
1417,abc123
1418,abc123
1419,abc123
1420,abc123
1421,abc123
1422,abc123
1423,abc123
1424,abc123
1425,abc123
1426,abc123
1427,abc123
1428,abc123
1429,abc123
1430,abc123
1431,abc123
1432,abc123
1433,abc123
1434,abc123
1435,abc123
1436,abc123
1437,abc123
1438,abc123
1439,abc123
1440,abc123
1441,abc123
1442,abc123
1443,abc123
1444,abc123
1445,abc123
1446,abc123
1447,abc123
1448,abc123
1449,abc123
1450,abc123
1451,abc123
1452,abc123
1453,abc123
1454,abc123
1455,abc123
1456,abc123
1457,abc123
1458,abc123
1459,abc123
1460,abc123
1461,abc123
1462,abc123
1463,abc123
1464,abc123
1465,abc123
1466,abc123
1467,abc123
1468,abc123
1469,abc123
1470,abc123
1471,abc123
1472,abc123
1473,abc123
1474,abc123
1475,abc123
1476,abc123
1477,abc123
1478,abc123
1479,abc123
1480,abc123
1481,abc123
1482,abc123
1483,abc123
1484,abc123
1485,abc123
1486,abc123
1487,abc123
1488,abc123
1489,abc123
1490,abc123
1491,abc123
1492,abc123
1493,abc123
1494,abc123
1495,abc123
1496,abc123
1497,abc123
1498,abc123
1499,abc123
1500,abc123
1501,abc123
1502,abc123
1503,abc123
1504,abc123
1505,abc123
1506,abc123
1507,abc123
1508,abc123
1509,abc123
1510,abc123
1511,abc123
1512,abc123
1513,abc123
1514,abc123
1515,abc123
1516,abc123
1517,abc123
1518,abc123
1519,abc123
1520,abc123
1521,abc123
1522,abc123
1523,abc123
1524,abc123
1525,abc123
1526,abc123
1527,abc123
1528,abc123
1529,abc123
1530,abc123
1531,abc123
1532,abc123
1533,abc123
1534,abc123
1535,abc123
1536,abc123
1537,abc123
1538,abc123
1539,abc123
1540,abc123
1541,abc123
1542,abc123
1543,abc123
1544,abc123
1545,abc123
1546,abc123
1547,abc123
1548,abc123
1549,abc123
1550,abc123
1551,abc123
1552,abc123
1553,abc123
1554,abc123
1555,abc123
1556,abc123
1557,abc123
1558,abc123
1559,abc123
1560,abc123
1561,abc123
1562,abc123
1563,abc123
1564,abc123
1565,abc123
1566,abc123
1567,abc123
1568,abc123
1569,abc123
1570,abc123
1571,abc123
1572,abc123
1573,abc123
1574,abc123
1575,abc123
1576,abc123
1577,abc123
1578,abc123
1579,abc123
1580,abc123
1581,abc123
1582,abc123
1583,abc123
1584,abc123
1585,abc123
1586,abc123
1587,abc123
1588,abc123
1589,abc123
1590,abc123
1591,abc123
1592,abc123
1593,abc123
1594,abc123
1595,abc123
1596,abc123
1597,abc123
1598,abc123
1599,abc123
1600,abc123
1601,abc123
1602,abc123
1603,abc123
1604,abc123
1605,abc123
1606,abc123
1607,abc123
1608,abc123
1609,abc123
1610,abc123
1611,abc123
1612,abc123
1613,abc123
1614,abc123
1615,abc123
1616,abc123
1617,abc123
1618,abc123
1619,abc123
1620,abc123
1621,abc123
1622,abc123
1623,abc123
1624,abc123
1625,abc123
1626,abc123
1627,abc123
1628,abc123
1629,abc123
1630,abc123
1631,abc123
1632,abc123
1633,abc123
1634,abc123
1635,abc123
1636,abc123
1637,abc123
1638,abc123
1639,abc123
1640,abc123
1641,abc123
1642,abc123
1643,abc123
1644,abc123
1645,abc123
1646,abc123
1647,abc123
1648,abc123
1649,abc123
1650,abc123
1651,abc123
1652,abc123
1653,abc123
1654,abc123
1655,abc123
1656,abc123
1657,abc123
1658,abc123
1659,abc123
1660,abc123
1661,abc123
1662,abc123
1663,abc123
1664,abc123
1665,abc123
1666,abc123
1667,abc123
1668,abc123
1669,abc123
1670,abc123
1671,abc123
1672,abc123
1673,abc123
1674,abc123
1675,abc123
1676,abc123
1677,abc123
1678,abc123
1679,abc123
1680,abc123
1681,abc123
1682,abc123
1683,abc123
1684,abc123
1685,abc123
1686,abc123
1687,abc123
1688,abc123
1689,abc123
1690,abc123
1691,abc123
1692,abc123
1693,abc123
1694,abc123
1695,abc123
1696,abc123
1697,abc123
1698,abc123
1699,abc123
1700,abc123
1701,abc123
1702,abc123
1703,abc123
1704,abc123
1705,abc123
1706,abc123
1707,abc123
1708,abc123
1709,abc123
1710,abc123
1711,abc123
1712,abc123
1713,abc123
1714,abc123
1715,abc123
1716,abc123
1717,abc123
1718,abc123
1719,abc123
1720,abc123
1721,abc123
1722,abc123
1723,abc123
1724,abc123
1725,abc123
1726,abc123
1727,abc123
1728,abc123
1729,abc123
1730,abc123
1731,abc123
1732,abc123
1733,abc123
1734,abc123
1735,abc123
1736,abc123
1737,abc123
1738,abc123
1739,abc123
1740,abc123
1741,abc123
1742,abc123
1743,abc123
1744,abc123
1745,abc123
1746,abc123
1747,abc123
1748,abc123
1749,abc123
1750,abc123
1751,abc123
1752,abc123
1753,abc123
1754,abc123
1755,abc123
1756,abc123
1757,abc123
1758,abc123
1759,abc123
1760,abc123
1761,abc123
1762,abc123
1763,abc123
1764,abc123
1765,abc123
1766,abc123
1767,abc123
1768,abc123
1769,abc123
1770,abc123
1771,abc123
1772,abc123
1773,abc123
1774,abc123
1775,abc123
1776,abc123
1777,abc123
1778,abc123
1779,abc123
1780,abc123
1781,abc123
1782,abc123
1783,abc123
1784,abc123
1785,abc123
1786,abc123
1787,abc123
1788,abc123
1789,abc123
1790,abc123
1791,abc123
1792,abc123
1793,abc123
1794,abc123
1795,abc123
1796,abc123
1797,abc123
1798,abc123
1799,abc123
1800,abc123
1801,abc123
1802,abc123
1803,abc123
1804,abc123
1805,abc123
1806,abc123
1807,abc123
1808,abc123
1809,abc123
1810,abc123
1811,abc123
1812,abc123
1813,abc123
1814,abc123
1815,abc123
1816,abc123
1817,abc123
1818,abc123
1819,abc123
1820,abc123
1821,abc123
1822,abc123
1823,abc123
1824,abc123
1825,abc123
1826,abc123
1827,abc123
1828,abc123
1829,abc123
1830,abc123
1831,abc123
1832,abc123
1833,abc123
1834,abc123
1835,abc123
1836,abc123
1837,abc123
1838,abc123
1839,abc123
1840,abc123
1841,abc123
1842,abc123
1843,abc123
1844,abc123
1845,abc123
1846,abc123
1847,abc123
1848,abc123
1849,abc123
1850,abc123
1851,abc123
1852,abc123
1853,abc123
1854,abc123
1855,abc123
1856,abc123
1857,abc123
1858,abc123
1859,abc123
1860,abc123
1861,abc123
1862,abc123
1863,abc123
1864,abc123
1865,abc123
1866,abc123
1867,abc123
1868,abc123
1869,abc123
1870,abc123
1871,abc123
1872,abc123
1873,abc123
1874,abc123
